,mouse,dates,session,cluster_id,sig,sig_neg
0,1544,2023-04-17,of,3,False,False
1,1544,2023-04-17,of,4,False,False
2,1544,2023-04-17,of,5,True,False
3,1544,2023-04-17,of,17,False,False
4,1544,2023-04-17,of,18,False,False
5,1544,2023-04-17,of,20,False,False
6,1544,2023-04-17,obj,3,False,False
7,1544,2023-04-17,obj,4,False,False
8,1544,2023-04-17,obj,5,True,False
9,1544,2023-04-17,obj,17,False,False
10,1544,2023-04-17,obj,18,False,False
11,1544,2023-04-17,obj,20,False,False
12,1544,2023-04-17,of2,3,False,True
13,1544,2023-04-17,of2,4,False,False
14,1544,2023-04-17,of2,5,True,False
15,1544,2023-04-17,of2,17,False,False
16,1544,2023-04-17,of2,18,False,False
17,1544,2023-04-17,of2,20,False,True
18,1544,2023-05-12,of,2,False,False
19,1544,2023-05-12,of,5,True,False
20,1544,2023-05-12,of,9,False,False
21,1544,2023-05-12,obj,2,False,False
22,1544,2023-05-12,obj,5,True,False
23,1544,2023-05-12,obj,9,False,False
24,1544,2023-05-12,of2,2,False,False
25,1544,2023-05-12,of2,5,False,False
26,1544,2023-05-12,of2,9,False,False
27,1544,2023-04-28,of,1,False,False
28,1544,2023-04-28,of,4,True,False
29,1544,2023-04-28,of,9,False,True
30,1544,2023-04-28,of,10,False,False
31,1544,2023-04-28,of,11,False,False
32,1544,2023-04-28,of,13,False,False
33,1544,2023-04-28,of,17,False,False
34,1544,2023-04-28,of,18,False,True
35,1544,2023-04-28,obj,1,False,True
36,1544,2023-04-28,obj,4,False,False
37,1544,2023-04-28,obj,9,False,False
38,1544,2023-04-28,obj,10,True,False
39,1544,2023-04-28,obj,11,False,False
40,1544,2023-04-28,obj,13,False,False
41,1544,2023-04-28,obj,17,False,False
42,1544,2023-04-28,obj,18,False,True
43,1544,2023-04-28,of2,1,False,True
44,1544,2023-04-28,of2,4,False,False
45,1544,2023-04-28,of2,9,False,True
46,1544,2023-04-28,of2,10,False,False
47,1544,2023-04-28,of2,11,False,False
48,1544,2023-04-28,of2,13,True,False
49,1544,2023-04-28,of2,17,False,False
50,1544,2023-04-28,of2,18,False,True
51,1544,2023-05-05,of,3,False,False
52,1544,2023-05-05,of,14,False,False
53,1544,2023-05-05,obj,3,True,False
54,1544,2023-05-05,obj,14,False,False
55,1544,2023-05-05,of2,3,True,False
56,1544,2023-05-05,of2,14,False,False
57,1544,2023-04-21,of,2,False,True
58,1544,2023-04-21,of,5,True,False
59,1544,2023-04-21,of,6,False,False
60,1544,2023-04-21,of,16,False,False
61,1544,2023-04-21,of,17,False,False
62,1544,2023-04-21,of,19,False,False
63,1544,2023-04-21,obj,2,True,False
64,1544,2023-04-21,obj,5,True,False
65,1544,2023-04-21,obj,6,True,False
66,1544,2023-04-21,obj,16,False,False
67,1544,2023-04-21,obj,17,False,False
68,1544,2023-04-21,obj,19,False,False
69,1544,2023-04-21,of2,2,False,False
70,1544,2023-04-21,of2,5,True,False
71,1544,2023-04-21,of2,6,False,False
72,1544,2023-04-21,of2,16,False,False
73,1544,2023-04-21,of2,17,False,False
74,1544,2023-04-21,of2,19,True,False
75,1544,2023-05-10,of,2,False,False
76,1544,2023-05-10,of,4,True,False
77,1544,2023-05-10,of,5,True,False
78,1544,2023-05-10,obj,2,True,False
79,1544,2023-05-10,obj,4,True,False
80,1544,2023-05-10,obj,5,False,False
81,1544,2023-05-10,of2,2,False,False
82,1544,2023-05-10,of2,4,True,False
83,1544,2023-05-10,of2,5,False,False
84,1544,2023-04-11,of,2,False,False
85,1544,2023-04-11,of,4,False,False
86,1544,2023-04-11,of,15,False,True
87,1544,2023-04-11,of,16,False,False
88,1544,2023-04-11,of,17,False,False
89,1544,2023-04-11,of,19,True,False
90,1544,2023-04-11,obj,2,False,False
91,1544,2023-04-11,obj,4,False,False
92,1544,2023-04-11,obj,14,False,False
93,1544,2023-04-11,obj,15,False,False
94,1544,2023-04-11,obj,16,False,False
95,1544,2023-04-11,obj,18,False,False
96,1544,2023-04-11,of2,2,False,False
97,1544,2023-04-11,of2,4,False,True
98,1544,2023-04-11,of2,15,False,False
99,1544,2023-04-11,of2,16,False,False
100,1544,2023-04-11,of2,17,False,True
101,1544,2023-04-11,of2,19,True,False
102,1544,2023-04-26,of,1,True,False
103,1544,2023-04-26,of,7,True,False
104,1544,2023-04-26,of,8,True,False
105,1544,2023-04-26,of,12,True,False
106,1544,2023-04-26,of,13,False,False
107,1544,2023-04-26,of,16,True,False
108,1544,2023-04-26,of,17,True,False
109,1544,2023-04-26,of,20,False,False
110,1544,2023-04-26,obj,1,True,False
111,1544,2023-04-26,obj,7,True,False
112,1544,2023-04-26,obj,8,True,False
113,1544,2023-04-26,obj,12,True,False
114,1544,2023-04-26,obj,13,True,False
115,1544,2023-04-26,obj,16,True,False
116,1544,2023-04-26,obj,17,False,False
117,1544,2023-04-26,obj,20,False,False
118,1544,2023-04-26,of2,1,True,False
119,1544,2023-04-26,of2,7,True,False
120,1544,2023-04-26,of2,8,True,False
121,1544,2023-04-26,of2,12,False,False
122,1544,2023-04-26,of2,13,False,False
123,1544,2023-04-26,of2,16,False,False
124,1544,2023-04-26,of2,17,False,False
125,1544,2023-04-26,of2,20,False,False
126,1544,2023-05-03,of,1,False,False
127,1544,2023-05-03,of,4,False,False
128,1544,2023-05-03,of,6,False,False
129,1544,2023-05-03,of,10,True,False
130,1544,2023-05-03,of,14,False,False
131,1544,2023-05-03,of,15,False,False
132,1544,2023-05-03,of,18,False,False
133,1544,2023-05-03,of,22,False,False
134,1544,2023-05-03,obj,1,False,False
135,1544,2023-05-03,obj,4,True,False
136,1544,2023-05-03,obj,6,True,False
137,1544,2023-05-03,obj,10,True,False
138,1544,2023-05-03,obj,14,False,False
139,1544,2023-05-03,obj,15,False,False
140,1544,2023-05-03,obj,18,True,False
141,1544,2023-05-03,obj,22,False,False
142,1544,2023-05-03,of2,1,False,True
143,1544,2023-05-03,of2,4,True,False
144,1544,2023-05-03,of2,6,True,False
145,1544,2023-05-03,of2,10,False,False
146,1544,2023-05-03,of2,14,False,False
147,1544,2023-05-03,of2,15,False,False
148,1544,2023-05-03,of2,18,False,False
149,1544,2023-05-03,of2,22,False,True
150,1738,2024-03-17,of,6,False,False
151,1738,2024-03-17,of,8,False,False
152,1738,2024-03-17,obj,6,False,False
153,1738,2024-03-17,obj,8,False,False
154,1738,2024-03-17,of1,6,False,False
155,1738,2024-03-17,of1,8,False,False
156,1738,2024-03-14,of,3,False,True
157,1738,2024-03-14,obj,3,False,True
158,1738,2024-03-14,of1,3,False,False
159,1738,2024-03-14,obj1,3,False,False
160,1738,2024-03-14,of2,3,False,False
161,1738,2024-03-11,of,6,False,False
162,1738,2024-03-11,of,7,False,True
163,1738,2024-03-11,of,9,False,False
164,1738,2024-03-11,of,10,False,False
165,1738,2024-03-11,of,11,False,False
166,1738,2024-03-11,of,13,False,True
167,1738,2024-03-11,of,15,False,False
168,1738,2024-03-11,of,17,False,False
169,1738,2024-03-11,of,18,False,False
170,1738,2024-03-11,of,20,True,False
171,1738,2024-03-11,of,21,False,True
172,1738,2024-03-11,obj,6,False,False
173,1738,2024-03-11,obj,7,False,False
174,1738,2024-03-11,obj,9,False,False
175,1738,2024-03-11,obj,10,False,False
176,1738,2024-03-11,obj,11,False,False
177,1738,2024-03-11,obj,13,False,False
178,1738,2024-03-11,obj,15,False,False
179,1738,2024-03-11,obj,17,False,False
180,1738,2024-03-11,obj,18,False,False
181,1738,2024-03-11,obj,20,False,False
182,1738,2024-03-11,obj,21,False,False
183,1738,2024-03-11,of1,6,False,False
184,1738,2024-03-11,of1,7,False,False
185,1738,2024-03-11,of1,9,False,False
186,1738,2024-03-11,of1,10,False,False
187,1738,2024-03-11,of1,11,False,False
188,1738,2024-03-11,of1,13,False,True
189,1738,2024-03-11,of1,15,False,False
190,1738,2024-03-11,of1,17,False,False
191,1738,2024-03-11,of1,18,False,False
192,1738,2024-03-11,of1,20,True,False
193,1738,2024-03-11,of1,21,False,False
194,1738,2024-03-11,obj1,6,False,False
195,1738,2024-03-11,obj1,7,False,True
196,1738,2024-03-11,obj1,9,False,False
197,1738,2024-03-11,obj1,10,False,False
198,1738,2024-03-11,obj1,11,False,False
199,1738,2024-03-11,obj1,13,False,False
200,1738,2024-03-11,obj1,15,False,False
201,1738,2024-03-11,obj1,17,True,False
202,1738,2024-03-11,obj1,18,False,False
203,1738,2024-03-11,obj1,20,True,False
204,1738,2024-03-11,obj1,21,False,False
205,1738,2024-03-11,of2,6,False,False
206,1738,2024-03-11,of2,7,False,False
207,1738,2024-03-11,of2,9,False,False
208,1738,2024-03-11,of2,10,False,False
209,1738,2024-03-11,of2,11,False,False
210,1738,2024-03-11,of2,13,False,False
211,1738,2024-03-11,of2,15,False,False
212,1738,2024-03-11,of2,17,False,False
213,1738,2024-03-11,of2,18,False,False
214,1738,2024-03-11,of2,20,True,False
215,1738,2024-03-11,of2,21,False,False
216,1868,2025-04-15,of,5,False,True
217,1868,2025-04-15,of,7,False,False
218,1868,2025-04-15,of,8,False,True
219,1868,2025-04-15,of,9,False,False
220,1868,2025-04-15,of,11,False,False
221,1868,2025-04-15,obj,0,False,False
222,1868,2025-04-15,obj,1,False,False
223,1868,2025-04-15,obj,5,False,True
224,1868,2025-04-15,obj,8,True,False
225,1868,2025-04-15,obj,13,False,False
226,1868,2025-04-15,of1,0,False,False
227,1868,2025-04-15,of1,1,False,False
228,1868,2025-04-15,of1,5,False,False
229,1868,2025-04-15,of1,8,False,False
230,1868,2025-04-15,of1,13,False,False
231,1868,2025-04-15,obj1,0,False,False
232,1868,2025-04-15,obj1,1,True,False
233,1868,2025-04-15,obj1,5,False,True
234,1868,2025-04-15,obj1,8,True,False
235,1868,2025-04-15,obj1,13,False,False
236,1868,2025-04-15,of2,5,False,True
237,1868,2025-04-15,of2,7,False,False
238,1868,2025-04-15,of2,8,False,True
239,1868,2025-04-15,of2,9,False,False
240,1868,2025-04-15,of2,11,False,False
241,1868,2025-04-15,of,5,False,True
242,1868,2025-04-15,of,7,False,False
243,1868,2025-04-15,of,8,False,True
244,1868,2025-04-15,of,9,False,False
245,1868,2025-04-15,of,11,False,False
246,1868,2025-04-15,obj,0,False,False
247,1868,2025-04-15,obj,1,True,False
248,1868,2025-04-15,obj,5,False,True
249,1868,2025-04-15,obj,8,True,False
250,1868,2025-04-15,obj,13,False,False
251,1868,2025-04-15,obj1,0,False,False
252,1868,2025-04-15,obj1,1,True,False
253,1868,2025-04-15,obj1,5,False,True
254,1868,2025-04-15,obj1,8,True,False
255,1868,2025-04-15,obj1,13,False,False
256,1868,2025-04-15,of1,0,False,False
257,1868,2025-04-15,of1,1,False,False
258,1868,2025-04-15,of1,5,False,True
259,1868,2025-04-15,of1,8,False,False
260,1868,2025-04-15,of1,13,False,False
261,1868,2025-03-21,of,1,False,True
262,1868,2025-03-21,of,2,False,True
263,1868,2025-03-21,of,9,False,False
264,1868,2025-03-21,of,10,False,False
265,1868,2025-03-21,of,11,False,True
266,1868,2025-03-21,of,12,False,False
267,1868,2025-03-21,of,15,False,True
268,1868,2025-03-21,of,18,False,False
269,1868,2025-03-21,of,19,False,True
270,1868,2025-03-21,of,24,False,True
271,1868,2025-03-21,of,27,False,False
272,1868,2025-03-21,of,28,False,True
273,1868,2025-03-21,of,29,False,False
274,1868,2025-03-21,obj,1,False,True
275,1868,2025-03-21,obj,2,False,False
276,1868,2025-03-21,obj,9,False,False
277,1868,2025-03-21,obj,10,False,False
278,1868,2025-03-21,obj,11,False,True
279,1868,2025-03-21,obj,14,False,True
280,1868,2025-03-21,obj,17,False,False
281,1868,2025-03-21,obj,18,False,False
282,1868,2025-03-21,obj,23,False,False
283,1868,2025-03-21,obj,26,False,False
284,1868,2025-03-21,obj,27,False,False
285,1868,2025-03-21,obj,28,False,False
286,1868,2025-03-21,of1,1,False,True
287,1868,2025-03-21,of1,2,False,True
288,1868,2025-03-21,of1,9,False,False
289,1868,2025-03-21,of1,10,False,False
290,1868,2025-03-21,of1,11,False,False
291,1868,2025-03-21,of1,12,False,False
292,1868,2025-03-21,of1,15,False,False
293,1868,2025-03-21,of1,18,False,False
294,1868,2025-03-21,of1,19,False,True
295,1868,2025-03-21,of1,24,False,True
296,1868,2025-03-21,of1,27,False,False
297,1868,2025-03-21,of1,28,False,True
298,1868,2025-03-21,of1,29,False,False
299,1868,2025-03-17,of,0,False,True
300,1868,2025-03-17,of,1,False,False
301,1868,2025-03-17,of,14,False,True
302,1868,2025-03-17,of,16,False,True
303,1868,2025-03-17,of,18,False,False
304,1868,2025-03-17,of,20,False,False
305,1868,2025-03-17,obj,0,False,True
306,1868,2025-03-17,obj,1,False,False
307,1868,2025-03-17,obj,14,False,True
308,1868,2025-03-17,obj,16,False,True
309,1868,2025-03-17,obj,18,False,False
310,1868,2025-03-17,obj,20,True,False
311,1868,2025-03-17,of1,0,False,True
312,1868,2025-03-17,of1,1,True,False
313,1868,2025-03-17,of1,14,False,False
314,1868,2025-03-17,of1,16,False,False
315,1868,2025-03-17,of1,18,False,False
316,1868,2025-03-17,of1,20,False,False
317,1868,2025-03-17,obj1,0,False,True
318,1868,2025-03-17,obj1,1,False,False
319,1868,2025-03-17,obj1,14,False,True
320,1868,2025-03-17,obj1,16,False,False
321,1868,2025-03-17,obj1,18,False,False
322,1868,2025-03-17,obj1,20,False,False
323,1868,2025-03-17,of2,0,False,True
324,1868,2025-03-17,of2,1,False,False
325,1868,2025-03-17,of2,14,False,False
326,1868,2025-03-17,of2,16,False,False
327,1868,2025-03-17,of2,18,False,False
328,1868,2025-03-17,of2,20,True,False
329,1868,2025-04-08,of1,1,True,False
330,1868,2025-04-08,of1,2,False,False
331,1868,2025-04-08,of1,3,False,False
332,1868,2025-04-08,of1,5,False,False
333,1868,2025-04-08,of1,11,True,False
334,1868,2025-04-08,of1,17,False,True
335,1868,2025-04-08,obj,2,False,False
336,1868,2025-04-08,obj,3,False,False
337,1868,2025-04-08,obj,5,False,False
338,1868,2025-04-08,obj,7,False,True
339,1868,2025-04-08,obj,13,False,False
340,1868,2025-04-08,obj,19,False,True
341,1868,2025-04-08,of1,1,True,False
342,1868,2025-04-08,of1,2,False,False
343,1868,2025-04-08,of1,3,False,False
344,1868,2025-04-08,of1,5,False,False
345,1868,2025-04-08,of1,11,True,False
346,1868,2025-04-08,of1,17,False,True
347,1868,2025-04-08,obj1,0,False,False
348,1868,2025-04-08,obj1,1,False,False
349,1868,2025-04-08,obj1,2,False,False
350,1868,2025-04-08,obj1,9,False,False
351,1868,2025-04-08,obj1,14,False,False
352,1868,2025-04-08,obj1,21,False,False
353,1868,2025-04-08,of2,0,False,False
354,1868,2025-04-08,of2,1,True,False
355,1868,2025-04-08,of2,2,False,False
356,1868,2025-04-08,of2,9,False,False
357,1868,2025-04-08,of2,14,False,True
358,1868,2025-04-08,of2,21,False,False
359,1868,2025-04-08,of,0,False,True
360,1868,2025-04-08,of,1,False,False
361,1868,2025-04-08,of,2,False,False
362,1868,2025-04-08,of,9,False,False
363,1868,2025-04-08,of,14,False,True
364,1868,2025-04-08,of,21,False,False
365,1868,2025-04-08,obj,2,False,False
366,1868,2025-04-08,obj,3,False,False
367,1868,2025-04-08,obj,5,False,False
368,1868,2025-04-08,obj,7,False,True
369,1868,2025-04-08,obj,13,False,False
370,1868,2025-04-08,obj,19,False,True
371,1868,2025-04-08,obj1,0,False,False
372,1868,2025-04-08,obj1,1,False,False
373,1868,2025-04-08,obj1,2,False,False
374,1868,2025-04-08,obj1,9,False,False
375,1868,2025-04-08,obj1,14,False,False
376,1868,2025-04-08,obj1,21,False,False
377,1868,2025-04-08,of2,0,False,False
378,1868,2025-04-08,of2,1,True,False
379,1868,2025-04-08,of2,2,False,False
380,1868,2025-04-08,of2,9,False,False
381,1868,2025-04-08,of2,14,False,True
382,1868,2025-04-08,of2,21,False,False
383,1868,2025-04-27,of,1,False,False
384,1868,2025-04-27,of,3,False,False
385,1868,2025-04-27,of,4,False,False
386,1868,2025-04-27,of,5,False,False
387,1868,2025-04-27,of,6,False,True
388,1868,2025-04-27,of,8,False,False
389,1868,2025-04-27,of,9,False,False
390,1868,2025-04-27,of,10,False,False
391,1868,2025-04-27,of,11,False,True
392,1868,2025-04-27,of,13,True,False
393,1868,2025-04-27,of,14,False,True
394,1868,2025-04-27,of,15,False,False
395,1868,2025-04-27,of,18,False,False
396,1868,2025-04-27,of,20,False,False
397,1868,2025-04-27,of,21,True,False
398,1868,2025-04-27,of,22,False,False
399,1868,2025-04-27,of,23,False,True
400,1868,2025-04-27,of,25,False,True
401,1868,2025-04-27,of,29,False,True
402,1868,2025-04-27,obj,1,False,False
403,1868,2025-04-27,obj,3,False,True
404,1868,2025-04-27,obj,4,False,False
405,1868,2025-04-27,obj,5,True,False
406,1868,2025-04-27,obj,6,False,False
407,1868,2025-04-27,obj,8,False,False
408,1868,2025-04-27,obj,9,False,False
409,1868,2025-04-27,obj,10,True,False
410,1868,2025-04-27,obj,11,False,True
411,1868,2025-04-27,obj,13,True,False
412,1868,2025-04-27,obj,14,False,False
413,1868,2025-04-27,obj,15,False,False
414,1868,2025-04-27,obj,18,True,False
415,1868,2025-04-27,obj,20,False,False
416,1868,2025-04-27,obj,21,True,False
417,1868,2025-04-27,obj,22,False,False
418,1868,2025-04-27,obj,23,False,True
419,1868,2025-04-27,obj,25,False,False
420,1868,2025-04-27,obj,29,False,True
421,1868,2025-04-27,of1,1,True,False
422,1868,2025-04-27,of1,3,False,False
423,1868,2025-04-27,of1,4,False,False
424,1868,2025-04-27,of1,5,True,False
425,1868,2025-04-27,of1,6,False,True
426,1868,2025-04-27,of1,8,False,False
427,1868,2025-04-27,of1,9,True,False
428,1868,2025-04-27,of1,10,False,False
429,1868,2025-04-27,of1,11,False,True
430,1868,2025-04-27,of1,13,True,False
431,1868,2025-04-27,of1,14,False,True
432,1868,2025-04-27,of1,15,True,False
433,1868,2025-04-27,of1,18,False,False
434,1868,2025-04-27,of1,20,False,False
435,1868,2025-04-27,of1,21,True,False
436,1868,2025-04-27,of1,22,True,False
437,1868,2025-04-27,of1,23,False,False
438,1868,2025-04-27,of1,25,False,False
439,1868,2025-04-27,of1,29,False,True
440,1868,2025-04-27,obj1,1,False,False
441,1868,2025-04-27,obj1,3,False,True
442,1868,2025-04-27,obj1,4,False,False
443,1868,2025-04-27,obj1,5,False,False
444,1868,2025-04-27,obj1,6,False,False
445,1868,2025-04-27,obj1,8,False,False
446,1868,2025-04-27,obj1,9,True,False
447,1868,2025-04-27,obj1,10,True,False
448,1868,2025-04-27,obj1,11,False,True
449,1868,2025-04-27,obj1,13,True,False
450,1868,2025-04-27,obj1,14,False,True
451,1868,2025-04-27,obj1,15,False,False
452,1868,2025-04-27,obj1,18,True,False
453,1868,2025-04-27,obj1,20,False,True
454,1868,2025-04-27,obj1,21,True,False
455,1868,2025-04-27,obj1,22,False,False
456,1868,2025-04-27,obj1,23,False,True
457,1868,2025-04-27,obj1,25,False,False
458,1868,2025-04-27,obj1,29,False,False
459,1868,2025-04-27,of2,1,False,False
460,1868,2025-04-27,of2,3,False,False
461,1868,2025-04-27,of2,4,False,False
462,1868,2025-04-27,of2,5,False,False
463,1868,2025-04-27,of2,6,False,False
464,1868,2025-04-27,of2,8,False,False
465,1868,2025-04-27,of2,9,False,False
466,1868,2025-04-27,of2,10,False,False
467,1868,2025-04-27,of2,11,False,True
468,1868,2025-04-27,of2,13,True,False
469,1868,2025-04-27,of2,14,False,True
470,1868,2025-04-27,of2,15,False,False
471,1868,2025-04-27,of2,18,False,False
472,1868,2025-04-27,of2,20,False,False
473,1868,2025-04-27,of2,21,False,False
474,1868,2025-04-27,of2,22,True,False
475,1868,2025-04-27,of2,23,False,True
476,1868,2025-04-27,of2,25,False,True
477,1868,2025-04-27,of2,29,False,False
478,1868,2025-04-03,of,3,False,False
479,1868,2025-04-03,of,8,False,False
480,1868,2025-04-03,of,9,False,False
481,1868,2025-04-03,of,11,False,False
482,1868,2025-04-03,of,13,False,False
483,1868,2025-04-03,of,14,False,False
484,1868,2025-04-03,of,16,False,False
485,1868,2025-04-03,of,19,True,False
486,1868,2025-04-03,of,26,False,False
487,1868,2025-04-03,obj,3,False,True
488,1868,2025-04-03,obj,8,False,False
489,1868,2025-04-03,obj,9,False,False
490,1868,2025-04-03,obj,11,False,False
491,1868,2025-04-03,obj,13,False,True
492,1868,2025-04-03,obj,14,False,False
493,1868,2025-04-03,obj,16,False,False
494,1868,2025-04-03,obj,19,True,False
495,1868,2025-04-03,obj,26,False,True
496,1868,2025-04-03,of1,3,False,False
497,1868,2025-04-03,of1,8,False,False
498,1868,2025-04-03,of1,9,False,False
499,1868,2025-04-03,of1,11,False,False
500,1868,2025-04-03,of1,13,False,False
501,1868,2025-04-03,of1,14,False,False
502,1868,2025-04-03,of1,16,False,True
503,1868,2025-04-03,of1,19,True,False
504,1868,2025-04-03,of1,26,False,True
505,1868,2025-04-03,obj1,3,False,True
506,1868,2025-04-03,obj1,8,False,True
507,1868,2025-04-03,obj1,9,True,False
508,1868,2025-04-03,obj1,11,False,True
509,1868,2025-04-03,obj1,13,False,False
510,1868,2025-04-03,obj1,14,False,False
511,1868,2025-04-03,obj1,16,False,False
512,1868,2025-04-03,obj1,19,True,False
513,1868,2025-04-03,obj1,26,False,True
514,1868,2025-04-03,of2,3,False,False
515,1868,2025-04-03,of2,8,False,False
516,1868,2025-04-03,of2,9,True,False
517,1868,2025-04-03,of2,11,False,False
518,1868,2025-04-03,of2,13,False,False
519,1868,2025-04-03,of2,14,False,True
520,1868,2025-04-03,of2,16,False,False
521,1868,2025-04-03,of2,19,True,False
522,1868,2025-04-03,of2,26,False,True
523,1868,2025-03-10,of,3,True,False
524,1868,2025-03-10,of,10,False,False
525,1868,2025-03-10,of,18,False,True
526,1868,2025-03-10,obj,3,True,False
527,1868,2025-03-10,obj,10,True,False
528,1868,2025-03-10,obj,18,False,True
529,1868,2025-03-10,of1,3,False,False
530,1868,2025-03-10,of1,10,False,False
531,1868,2025-03-10,of1,18,False,True
532,1868,2025-04-22,of,1,False,False
533,1868,2025-04-22,of,4,False,False
534,1868,2025-04-22,of,5,False,False
535,1868,2025-04-22,of,6,False,False
536,1868,2025-04-22,of,8,False,True
537,1868,2025-04-22,of,14,False,True
538,1868,2025-04-22,of,16,False,True
539,1868,2025-04-22,of,19,False,False
540,1868,2025-04-22,of,23,False,False
541,1868,2025-04-22,of,26,True,False
542,1868,2025-04-22,obj,1,False,False
543,1868,2025-04-22,obj,4,False,False
544,1868,2025-04-22,obj,5,False,False
545,1868,2025-04-22,obj,6,False,False
546,1868,2025-04-22,obj,8,False,False
547,1868,2025-04-22,obj,14,False,True
548,1868,2025-04-22,obj,16,False,True
549,1868,2025-04-22,obj,19,True,False
550,1868,2025-04-22,obj,23,False,True
551,1868,2025-04-22,obj,26,False,False
552,1868,2025-04-22,of2,1,False,False
553,1868,2025-04-22,of2,4,True,False
554,1868,2025-04-22,of2,5,False,True
555,1868,2025-04-22,of2,6,False,True
556,1868,2025-04-22,of2,8,False,False
557,1868,2025-04-22,of2,9,True,False
558,1868,2025-04-22,of2,15,False,True
559,1868,2025-04-22,of2,17,False,True
560,1868,2025-04-22,of2,20,False,False
561,1868,2025-04-22,of2,24,False,False
562,1868,2025-04-22,of2,27,True,False
563,1868,2025-03-28,of,1,False,False
564,1868,2025-03-28,of,2,False,True
565,1868,2025-03-28,of,3,False,False
566,1868,2025-03-28,of,4,False,False
567,1868,2025-03-28,of,6,False,False
568,1868,2025-03-28,of,12,False,False
569,1868,2025-03-28,of,16,False,False
570,1868,2025-03-28,of,20,True,False
571,1868,2025-03-28,of,24,False,False
572,1868,2025-03-28,of,25,False,True
573,1868,2025-03-28,of,26,False,False
574,1868,2025-03-28,of,27,False,False
575,1868,2025-03-28,obj,1,False,False
576,1868,2025-03-28,obj,2,False,True
577,1868,2025-03-28,obj,3,False,False
578,1868,2025-03-28,obj,4,False,False
579,1868,2025-03-28,obj,6,True,False
580,1868,2025-03-28,obj,12,False,False
581,1868,2025-03-28,obj,16,False,False
582,1868,2025-03-28,obj,20,False,False
583,1868,2025-03-28,obj,24,True,False
584,1868,2025-03-28,obj,25,False,False
585,1868,2025-03-28,obj,26,False,False
586,1868,2025-03-28,obj,27,False,False
587,1868,2025-03-28,of1,1,False,False
588,1868,2025-03-28,of1,2,False,True
589,1868,2025-03-28,of1,3,False,False
590,1868,2025-03-28,of1,4,False,False
591,1868,2025-03-28,of1,6,True,False
592,1868,2025-03-28,of1,12,False,False
593,1868,2025-03-28,of1,16,True,False
594,1868,2025-03-28,of1,20,False,False
595,1868,2025-03-28,of1,24,False,False
596,1868,2025-03-28,of1,25,False,True
597,1868,2025-03-28,of1,26,False,False
598,1868,2025-03-28,of1,27,False,False
599,1868,2025-03-28,obj1,1,False,False
600,1868,2025-03-28,obj1,2,False,True
601,1868,2025-03-28,obj1,3,False,False
602,1868,2025-03-28,obj1,4,False,False
603,1868,2025-03-28,obj1,6,True,False
604,1868,2025-03-28,obj1,12,False,False
605,1868,2025-03-28,obj1,16,False,False
606,1868,2025-03-28,obj1,20,False,False
607,1868,2025-03-28,obj1,24,True,False
608,1868,2025-03-28,obj1,25,False,False
609,1868,2025-03-28,obj1,26,False,False
610,1868,2025-03-28,obj1,27,False,False
611,1868,2025-03-28,of2,1,True,False
612,1868,2025-03-28,of2,2,False,True
613,1868,2025-03-28,of2,3,False,False
614,1868,2025-03-28,of2,4,False,False
615,1868,2025-03-28,of2,6,True,False
616,1868,2025-03-28,of2,12,False,False
617,1868,2025-03-28,of2,16,True,False
618,1868,2025-03-28,of2,20,False,False
619,1868,2025-03-28,of2,24,True,False
620,1868,2025-03-28,of2,25,False,True
621,1868,2025-03-28,of2,26,False,False
622,1868,2025-03-28,of2,27,False,False
623,1868,2025-04-01b,of1,1,False,False
624,1868,2025-04-01b,of1,2,False,False
625,1868,2025-04-01b,of1,5,False,False
626,1868,2025-04-01b,of1,10,False,False
627,1868,2025-04-01b,of1,11,False,False
628,1868,2025-04-01b,of1,15,False,False
629,1868,2025-04-01b,of1,17,False,False
630,1868,2025-04-01b,of1,22,False,False
631,1868,2025-04-01b,obj,1,False,False
632,1868,2025-04-01b,obj,2,False,True
633,1868,2025-04-01b,obj,5,False,False
634,1868,2025-04-01b,obj,10,False,False
635,1868,2025-04-01b,obj,11,False,False
636,1868,2025-04-01b,obj,15,False,False
637,1868,2025-04-01b,obj,17,True,False
638,1868,2025-04-01b,obj,22,False,False
639,1868,2025-04-01b,of1,1,False,False
640,1868,2025-04-01b,of1,2,False,False
641,1868,2025-04-01b,of1,5,False,False
642,1868,2025-04-01b,of1,10,False,False
643,1868,2025-04-01b,of1,11,False,False
644,1868,2025-04-01b,of1,15,False,False
645,1868,2025-04-01b,of1,17,False,False
646,1868,2025-04-01b,of1,22,False,False
647,1868,2025-03-12,of,1,False,True
648,1868,2025-03-12,of,4,False,False
649,1868,2025-03-12,of,8,False,False
650,1868,2025-03-12,of,9,False,False
651,1868,2025-03-12,obj,1,False,True
652,1868,2025-03-12,obj,4,False,False
653,1868,2025-03-12,obj,8,False,False
654,1868,2025-03-12,obj,9,False,False
655,1868,2025-03-12,of1,1,False,False
656,1868,2025-03-12,of1,4,False,False
657,1868,2025-03-12,of1,8,False,False
658,1868,2025-03-12,of1,9,True,False
659,1868,2025-03-31,of,9,False,False
660,1868,2025-03-31,of,15,False,False
661,1868,2025-03-31,of,18,False,True
662,1868,2025-03-31,obj,9,False,False
663,1868,2025-03-31,obj,15,True,False
664,1868,2025-03-31,obj,18,False,True
665,1868,2025-03-31,of1,9,False,False
666,1868,2025-03-31,of1,15,True,False
667,1868,2025-03-31,of1,18,False,True
668,1868,2025-03-31,obj1,9,True,False
669,1868,2025-03-31,obj1,15,True,False
670,1868,2025-03-31,obj1,18,False,True
671,1868,2025-03-31,of2,9,False,False
672,1868,2025-03-31,of2,15,False,False
673,1868,2025-03-31,of2,18,False,True
674,1868,2025-03-13,of,1,False,False
675,1868,2025-03-13,of,3,False,True
676,1868,2025-03-13,obj,1,False,False
677,1868,2025-03-13,obj,3,False,True
678,1868,2025-03-13,of1,1,False,False
679,1868,2025-03-13,of1,3,False,True
680,1868,2025-03-18,of,1,False,True
681,1868,2025-03-18,of,8,False,False
682,1868,2025-03-18,of,10,False,True
683,1868,2025-03-18,of,14,False,True
684,1868,2025-03-18,of,17,False,False
685,1868,2025-03-18,of,21,False,False
686,1868,2025-03-18,of,22,False,False
687,1868,2025-03-18,obj,1,False,False
688,1868,2025-03-18,obj,8,False,False
689,1868,2025-03-18,obj,10,False,True
690,1868,2025-03-18,obj,14,True,False
691,1868,2025-03-18,obj,17,False,False
692,1868,2025-03-18,obj,21,False,False
693,1868,2025-03-18,obj,22,False,False
694,1868,2025-03-18,of1,1,False,False
695,1868,2025-03-18,of1,8,False,False
696,1868,2025-03-18,of1,10,False,True
697,1868,2025-03-18,of1,14,False,False
698,1868,2025-03-18,of1,17,False,False
699,1868,2025-03-18,of1,21,False,False
700,1868,2025-03-18,of1,22,False,False
701,1868,2025-03-18,obj1,1,False,False
702,1868,2025-03-18,obj1,8,False,False
703,1868,2025-03-18,obj1,10,False,True
704,1868,2025-03-18,obj1,14,True,False
705,1868,2025-03-18,obj1,17,True,False
706,1868,2025-03-18,obj1,21,False,False
707,1868,2025-03-18,obj1,22,False,False
708,1868,2025-03-18,of2,1,False,False
709,1868,2025-03-18,of2,8,False,False
710,1868,2025-03-18,of2,10,False,True
711,1868,2025-03-18,of2,14,True,False
712,1868,2025-03-18,of2,17,True,False
713,1868,2025-03-18,of2,21,False,False
714,1868,2025-03-18,of2,22,False,False
715,1868,2025-03-24,of,1,False,False
716,1868,2025-03-24,of,2,False,True
717,1868,2025-03-24,of,4,True,False
718,1868,2025-03-24,of,10,False,True
719,1868,2025-03-24,of,13,False,False
720,1868,2025-03-24,of,15,True,False
721,1868,2025-03-24,of,16,False,True
722,1868,2025-03-24,of,17,False,True
723,1868,2025-03-24,of,18,True,False
724,1868,2025-03-24,of,19,False,False
725,1868,2025-03-24,of,26,False,False
726,1868,2025-03-24,of,27,False,False
727,1868,2025-03-24,of,28,False,False
728,1868,2025-03-24,obj,1,False,False
729,1868,2025-03-24,obj,2,False,False
730,1868,2025-03-24,obj,4,False,False
731,1868,2025-03-24,obj,10,False,False
732,1868,2025-03-24,obj,13,False,False
733,1868,2025-03-24,obj,15,True,False
734,1868,2025-03-24,obj,16,False,True
735,1868,2025-03-24,obj,17,False,True
736,1868,2025-03-24,obj,18,False,False
737,1868,2025-03-24,obj,19,False,False
738,1868,2025-03-24,obj,25,False,False
739,1868,2025-03-24,obj,26,False,True
740,1868,2025-03-24,obj,27,False,False
741,1868,2025-03-24,of1,1,True,False
742,1868,2025-03-24,of1,2,False,False
743,1868,2025-03-24,of1,4,True,False
744,1868,2025-03-24,of1,10,False,False
745,1868,2025-03-24,of1,13,False,False
746,1868,2025-03-24,of1,15,True,False
747,1868,2025-03-24,of1,16,False,True
748,1868,2025-03-24,of1,17,False,False
749,1868,2025-03-24,of1,18,False,False
750,1868,2025-03-24,of1,19,False,False
751,1868,2025-03-24,of1,25,False,False
752,1868,2025-03-24,of1,26,False,False
753,1868,2025-03-24,of1,27,False,False
754,1868,2025-03-24,obj1,1,False,False
755,1868,2025-03-24,obj1,2,False,False
756,1868,2025-03-24,obj1,4,False,False
757,1868,2025-03-24,obj1,10,False,False
758,1868,2025-03-24,obj1,13,False,False
759,1868,2025-03-24,obj1,15,True,False
760,1868,2025-03-24,obj1,16,False,False
761,1868,2025-03-24,obj1,17,False,True
762,1868,2025-03-24,obj1,18,False,False
763,1868,2025-03-24,obj1,19,False,False
764,1868,2025-03-24,obj1,20,False,False
765,1868,2025-03-24,obj1,27,False,False
766,1868,2025-03-24,obj1,28,False,False
767,1868,2025-03-24,obj1,29,False,False
768,1868,2025-03-24,of2,1,True,False
769,1868,2025-03-24,of2,2,False,False
770,1868,2025-03-24,of2,4,True,False
771,1868,2025-03-24,of2,10,False,False
772,1868,2025-03-24,of2,13,False,False
773,1868,2025-03-24,of2,15,True,False
774,1868,2025-03-24,of2,16,False,False
775,1868,2025-03-24,of2,17,False,False
776,1868,2025-03-24,of2,18,False,False
777,1868,2025-03-24,of2,19,True,False
778,1868,2025-03-24,of2,26,False,False
779,1868,2025-03-24,of2,27,False,True
780,1868,2025-03-24,of2,28,False,False
781,1868,2025-04-17,of,2,False,False
782,1868,2025-04-17,of,4,False,False
783,1868,2025-04-17,of,5,False,False
784,1868,2025-04-17,of,9,False,False
785,1868,2025-04-17,of,19,False,True
786,1868,2025-04-17,obj,0,True,False
787,1868,2025-04-17,obj,3,False,True
788,1868,2025-04-17,obj,5,False,True
789,1868,2025-04-17,obj,9,False,False
790,1868,2025-04-17,obj,11,False,False
791,1868,2025-04-17,of1,0,True,False
792,1868,2025-04-17,of1,3,False,True
793,1868,2025-04-17,of1,5,False,True
794,1868,2025-04-17,of1,9,False,False
795,1868,2025-04-17,of1,11,False,False
796,1868,2025-04-17,obj1,2,False,False
797,1868,2025-04-17,obj1,4,False,False
798,1868,2025-04-17,obj1,5,False,False
799,1868,2025-04-17,obj1,9,False,False
800,1868,2025-04-17,obj1,19,False,False
801,1868,2025-04-17,of2,2,False,False
802,1868,2025-04-17,of2,4,False,False
803,1868,2025-04-17,of2,5,False,False
804,1868,2025-04-17,of2,9,False,False
805,1868,2025-04-17,of2,19,False,True
806,1868,2025-04-17,of,2,False,False
807,1868,2025-04-17,of,4,False,False
808,1868,2025-04-17,of,5,False,False
809,1868,2025-04-17,of,9,False,False
810,1868,2025-04-17,of,19,False,False
811,1868,2025-04-17,obj,0,True,False
812,1868,2025-04-17,obj,3,False,True
813,1868,2025-04-17,obj,5,False,True
814,1868,2025-04-17,obj,9,False,False
815,1868,2025-04-17,obj,11,False,False
816,1868,2025-04-17,obj1,2,False,False
817,1868,2025-04-17,obj1,4,False,False
818,1868,2025-04-17,obj1,5,False,False
819,1868,2025-04-17,obj1,9,False,False
820,1868,2025-04-17,obj1,19,False,False
821,1868,2025-04-17,of2,2,False,False
822,1868,2025-04-17,of2,4,False,False
823,1868,2025-04-17,of2,5,False,False
824,1868,2025-04-17,of2,9,False,False
825,1868,2025-04-17,of2,19,False,True
826,1868,2025-04-10,of,6,False,False
827,1868,2025-04-10,obj,6,False,False
828,1868,2025-04-10,of1,2,False,False
829,1868,2025-04-10,of1,7,False,False
830,1868,2025-04-10,of1,8,False,False
831,1868,2025-04-10,obj1,6,False,False
832,1868,2025-04-10,of2,6,False,False
833,1868,2025-04-10,of,6,False,False
834,1868,2025-04-10,obj,6,False,False
835,1868,2025-04-10,obj1,6,False,False
836,1868,2025-04-10,of2,6,False,False
837,1748,2024-03-25,of,2,False,False
838,1748,2024-03-25,of,4,False,True
839,1748,2024-03-25,of,14,True,False
840,1748,2024-03-25,of,17,True,False
841,1748,2024-03-25,obj,2,False,False
842,1748,2024-03-25,obj,4,False,False
843,1748,2024-03-25,obj,14,False,False
844,1748,2024-03-25,obj,17,True,False
845,1748,2024-03-25,of1,2,False,True
846,1748,2024-03-25,of1,4,False,False
847,1748,2024-03-25,of1,14,True,False
848,1748,2024-03-25,of1,17,True,False
849,1748,2024-03-25,obj1,2,False,False
850,1748,2024-03-25,obj1,4,False,False
851,1748,2024-03-25,obj1,14,True,False
852,1748,2024-03-25,obj1,17,False,False
853,1748,2024-03-25,of2,2,False,True
854,1748,2024-03-25,of2,4,False,True
855,1748,2024-03-25,of2,14,False,False
856,1748,2024-03-25,of2,17,False,False
857,1748,2024-04-03,of,1,False,True
858,1748,2024-04-03,of,3,False,False
859,1748,2024-04-03,of,7,False,False
860,1748,2024-04-03,of,15,False,False
861,1748,2024-04-03,obj,1,False,False
862,1748,2024-04-03,obj,3,False,False
863,1748,2024-04-03,obj,7,False,False
864,1748,2024-04-03,obj,15,False,False
865,1748,2024-04-03,of1,1,False,False
866,1748,2024-04-03,of1,3,False,False
867,1748,2024-04-03,of1,7,False,False
868,1748,2024-04-03,of1,15,False,False
869,1748,2024-04-03,obj1,1,False,False
870,1748,2024-04-03,obj1,3,False,False
871,1748,2024-04-03,obj1,7,False,False
872,1748,2024-04-03,obj1,15,False,False
873,1748,2024-04-03,of2,1,False,False
874,1748,2024-04-03,of2,3,False,False
875,1748,2024-04-03,of2,7,True,False
876,1748,2024-04-03,of2,15,False,False
877,1748,2024-03-21,of,6,False,False
878,1748,2024-03-21,of,8,False,False
879,1748,2024-03-21,of,9,False,True
880,1748,2024-03-21,of,11,False,False
881,1748,2024-03-21,of,15,True,False
882,1748,2024-03-21,of,16,False,False
883,1748,2024-03-21,of,20,False,True
884,1748,2024-03-21,of,22,False,True
885,1748,2024-03-21,of,23,False,True
886,1748,2024-03-21,obj,6,False,False
887,1748,2024-03-21,obj,8,False,False
888,1748,2024-03-21,obj,9,False,True
889,1748,2024-03-21,obj,11,False,False
890,1748,2024-03-21,obj,15,False,False
891,1748,2024-03-21,obj,16,False,False
892,1748,2024-03-21,obj,20,False,False
893,1748,2024-03-21,obj,22,False,False
894,1748,2024-03-21,obj,23,False,True
895,1748,2024-03-21,of1,6,False,False
896,1748,2024-03-21,of1,8,False,False
897,1748,2024-03-21,of1,9,False,True
898,1748,2024-03-21,of1,11,True,False
899,1748,2024-03-21,of1,15,True,False
900,1748,2024-03-21,of1,16,True,False
901,1748,2024-03-21,of1,20,False,True
902,1748,2024-03-21,of1,22,False,False
903,1748,2024-03-21,of1,23,False,True
904,1748,2024-03-28,of,1,False,False
905,1748,2024-03-28,of,15,True,False
906,1748,2024-03-28,obj,1,True,False
907,1748,2024-03-28,obj,15,True,False
908,1748,2024-03-28,of1,1,True,False
909,1748,2024-03-28,of1,15,True,False
910,1748,2024-03-28,obj1,1,True,False
911,1748,2024-03-28,obj1,15,False,False
912,1748,2024-03-28,of2,1,False,False
913,1748,2024-03-28,of2,15,True,False
914,1748,2024-03-22,of,0,False,False
915,1748,2024-03-22,of,4,False,False
916,1748,2024-03-22,of,6,False,False
917,1748,2024-03-22,of,7,False,True
918,1748,2024-03-22,of,17,False,False
919,1748,2024-03-22,obj,0,False,True
920,1748,2024-03-22,obj,4,False,True
921,1748,2024-03-22,obj,6,False,False
922,1748,2024-03-22,obj,7,False,False
923,1748,2024-03-22,obj,17,False,False
924,1748,2024-03-22,of1,0,False,False
925,1748,2024-03-22,of1,4,False,False
926,1748,2024-03-22,of1,6,False,False
927,1748,2024-03-22,of1,7,False,False
928,1748,2024-03-22,of1,17,False,True
929,1748,2024-03-22,obj1,0,False,False
930,1748,2024-03-22,obj1,4,False,False
931,1748,2024-03-22,obj1,6,False,False
932,1748,2024-03-22,obj1,7,False,False
933,1748,2024-03-22,obj1,17,False,False
934,1748,2024-03-22,of2,0,False,False
935,1748,2024-03-22,of2,4,False,False
936,1748,2024-03-22,of2,6,False,True
937,1748,2024-03-22,of2,7,False,True
938,1748,2024-03-22,of2,17,False,True
939,1636,2023-07-24,of,0,False,False
940,1636,2023-07-24,of,4,False,False
941,1636,2023-07-24,obj,0,False,True
942,1636,2023-07-24,obj,4,False,False
943,1636,2023-07-24,of2,0,False,False
944,1636,2023-07-24,of2,4,False,False
945,1636,2023-07-12,of,1,False,False
946,1636,2023-07-12,obj,1,False,False
947,1636,2023-07-12,of2,1,False,False
948,1636,2023-08-16,of,2,False,False
949,1636,2023-08-16,obj,2,False,False
950,1636,2023-08-16,of2,2,False,False
951,1636,2023-07-17,of,0,False,False
952,1636,2023-07-17,of,9,True,False
953,1636,2023-07-17,obj,0,False,False
954,1636,2023-07-17,obj,8,True,False
955,1636,2023-07-17,of2,0,False,False
956,1636,2023-07-17,of2,8,False,False
957,1757,2024-04-23,of,0,False,True
958,1757,2024-04-23,of,1,False,False
959,1757,2024-04-23,of,4,True,False
960,1757,2024-04-23,obj,0,False,True
961,1757,2024-04-23,obj,1,False,False
962,1757,2024-04-23,obj,4,False,False
963,1757,2024-04-23,of1,0,False,True
964,1757,2024-04-23,of1,1,False,False
965,1757,2024-04-23,of1,4,False,False
966,1740,2024-03-17,of,2,False,False
967,1740,2024-03-17,of,7,False,False
968,1740,2024-03-17,of,9,False,False
969,1740,2024-03-17,of,10,False,False
970,1740,2024-03-17,of,11,False,False
971,1740,2024-03-17,of,13,False,False
972,1740,2024-03-17,of,17,False,False
973,1740,2024-03-17,obj,2,False,False
974,1740,2024-03-17,obj,7,False,False
975,1740,2024-03-17,obj,9,True,False
976,1740,2024-03-17,obj,10,False,False
977,1740,2024-03-17,obj,11,False,True
978,1740,2024-03-17,obj,13,False,False
979,1740,2024-03-17,obj,17,True,False
980,1740,2024-03-17,of1,2,True,False
981,1740,2024-03-17,of1,7,False,False
982,1740,2024-03-17,of1,9,True,False
983,1740,2024-03-17,of1,10,False,False
984,1740,2024-03-17,of1,11,False,False
985,1740,2024-03-17,of1,13,False,False
986,1740,2024-03-17,of1,17,False,False
987,1740,2024-03-17,obj1,6,False,False
988,1740,2024-03-17,obj1,8,False,False
989,1740,2024-03-17,obj1,9,True,False
990,1740,2024-03-17,obj1,10,False,True
991,1740,2024-03-17,obj1,12,True,False
992,1740,2024-03-17,obj1,16,False,False
993,1740,2024-03-17,of2,2,False,False
994,1740,2024-03-17,of2,7,False,False
995,1740,2024-03-17,of2,9,False,False
996,1740,2024-03-17,of2,10,False,False
997,1740,2024-03-17,of2,11,False,False
998,1740,2024-03-17,of2,13,False,False
999,1740,2024-03-17,of2,17,False,False
1000,1740,2024-03-12,of,10,False,False
1001,1740,2024-03-12,obj,10,False,False
1002,1740,2024-03-12,of1,10,False,False
1003,1740,2024-03-12,obj1,10,False,False
1004,1740,2024-03-14,of,3,False,False
1005,1740,2024-03-14,of,5,True,False
1006,1740,2024-03-14,of,7,False,False
1007,1740,2024-03-14,of,9,True,False
1008,1740,2024-03-14,of,14,False,False
1009,1740,2024-03-14,obj,3,True,False
1010,1740,2024-03-14,obj,5,False,False
1011,1740,2024-03-14,obj,7,False,False
1012,1740,2024-03-14,obj,9,False,False
1013,1740,2024-03-14,obj,14,False,False
1014,1740,2024-03-14,of1,3,False,False
1015,1740,2024-03-14,of1,5,True,False
1016,1740,2024-03-14,of1,7,False,False
1017,1740,2024-03-14,of1,9,False,False
1018,1740,2024-03-14,of1,14,False,False
1019,1740,2024-03-14,obj1,3,False,False
1020,1740,2024-03-14,obj1,5,False,False
1021,1740,2024-03-14,obj1,7,False,False
1022,1740,2024-03-14,obj1,9,True,False
1023,1740,2024-03-14,obj1,14,False,False
1024,1740,2024-03-14,of2,3,False,False
1025,1740,2024-03-14,of2,5,True,False
1026,1740,2024-03-14,of2,7,False,False
1027,1740,2024-03-14,of2,9,False,False
1028,1740,2024-03-14,of2,14,False,False
1029,1740,2024-03-11,of,7,False,False
1030,1740,2024-03-11,of,12,False,False
1031,1740,2024-03-11,obj,7,False,False
1032,1740,2024-03-11,obj,12,False,False
1033,1740,2024-03-11,of1,7,False,False
1034,1740,2024-03-11,of1,12,False,False
1035,1740,2024-03-21,of,5,True,False
1036,1740,2024-03-21,of,7,True,False
1037,1740,2024-03-21,of,15,False,False
1038,1740,2024-03-21,obj,5,True,False
1039,1740,2024-03-21,obj,7,True,False
1040,1740,2024-03-21,obj,15,True,False
1041,1740,2024-03-21,of1,5,True,False
1042,1740,2024-03-21,of1,7,True,False
1043,1740,2024-03-21,of1,15,False,False
1044,1740,2024-03-21,obj1,5,False,False
1045,1740,2024-03-21,obj1,7,True,False
1046,1740,2024-03-21,obj1,15,False,False
1047,1740,2024-03-21,of2,5,False,False
1048,1740,2024-03-21,of2,7,True,False
1049,1740,2024-03-21,of2,15,False,False
1050,1884,2025-04-17,of,8,True,False
1051,1884,2025-04-17,obj,8,False,False
1052,1884,2025-04-17,of1,8,False,False
1053,1884,2025-04-17,obj1,8,True,False
1054,1884,2025-04-17,of2,8,False,False
1055,1884,2025-05-06,of,3,True,False
1056,1884,2025-05-06,obj,3,False,False
1057,1884,2025-05-06,of1,3,True,False
1058,1884,2025-05-06,obj1,3,False,False
1059,1884,2025-05-06,of2,3,False,False
1060,1884,2025-04-10b,of,8,False,False
1061,1884,2025-04-10b,of,11,True,False
1062,1884,2025-04-10b,obj,8,False,False
1063,1884,2025-04-10b,obj,11,True,False
1064,1884,2025-04-10b,of1,8,False,False
1065,1884,2025-04-10b,of1,11,True,False
1066,1884,2025-04-10b,obj1,8,False,False
1067,1884,2025-04-10b,obj1,11,True,False
1068,1884,2025-04-10b,of2,8,False,False
1069,1884,2025-04-10b,of2,11,True,False
1070,1884,2025-04-22b,of,2,False,False
1071,1884,2025-04-22b,of,9,False,False
1072,1884,2025-04-22b,obj,2,False,False
1073,1884,2025-04-22b,obj,9,False,False
1074,1884,2025-04-22b,of1,2,False,False
1075,1884,2025-04-22b,of1,9,False,False
1076,1884,2025-04-22b,obj1,2,False,False
1077,1884,2025-04-22b,obj1,9,False,False
1078,1884,2025-04-22b,of2,2,False,False
1079,1884,2025-04-22b,of2,9,False,False
1080,1884,2025-05-01,of,4,False,False
1081,1884,2025-05-01,obj,4,False,False
1082,1884,2025-05-01,of1,4,False,True
1083,1884,2025-04-08,of,4,False,False
1084,1884,2025-04-08,of,7,False,False
1085,1884,2025-04-08,obj,4,False,False
1086,1884,2025-04-08,obj,7,False,False
1087,1884,2025-04-08,of1,4,False,False
1088,1884,2025-04-08,of1,7,False,False
1089,1884,2025-04-08,obj1,4,False,False
1090,1884,2025-04-08,obj1,7,False,False
1091,1884,2025-04-08,of2,4,False,False
1092,1884,2025-04-08,of2,7,False,False
1093,1884,2025-04-25,of,4,True,False
1094,1884,2025-04-25,of,8,False,False
1095,1884,2025-04-25,obj,4,True,False
1096,1884,2025-04-25,obj,8,False,False
1097,1884,2025-04-25,of1,4,False,False
1098,1884,2025-04-25,of1,8,False,False
1099,1884,2025-04-25,obj1,4,True,False
1100,1884,2025-04-25,obj1,8,False,False
1101,1884,2025-04-25,of2,4,True,False
1102,1884,2025-04-25,of2,8,False,True
1103,1870,2025-03-31,of,7,False,False
1104,1870,2025-03-31,obj,7,False,False
1105,1870,2025-03-31,of1,7,False,False
1106,1870,2025-03-27,of,8,False,False
1107,1870,2025-03-27,obj,8,False,True
1108,1870,2025-03-27,of1,8,False,False
1109,1870,2025-03-27,obj1,8,True,False
1110,1870,2025-03-27,of2,8,False,False
1111,1870,2025-03-21,of,4,False,True
1112,1870,2025-03-21,of,8,False,True
1113,1870,2025-03-21,of,9,False,False
1114,1870,2025-03-21,of,10,False,False
1115,1870,2025-03-21,of,13,False,False
1116,1870,2025-03-21,obj,4,False,False
1117,1870,2025-03-21,obj,8,False,True
1118,1870,2025-03-21,obj,9,False,False
1119,1870,2025-03-21,obj,10,False,False
1120,1870,2025-03-21,obj,13,False,False
1121,1870,2025-03-21,of1,4,False,True
1122,1870,2025-03-21,of1,8,False,True
1123,1870,2025-03-21,of1,9,False,False
1124,1870,2025-03-21,of1,10,False,False
1125,1870,2025-03-21,of1,13,False,False
1126,1870,2025-03-17,of,7,False,False
1127,1870,2025-03-17,of,8,False,False
1128,1870,2025-03-17,of,10,False,False
1129,1870,2025-03-17,obj,7,False,False
1130,1870,2025-03-17,obj,8,False,False
1131,1870,2025-03-17,obj,10,False,False
1132,1870,2025-03-17,of1,7,True,False
1133,1870,2025-03-17,of1,8,False,False
1134,1870,2025-03-17,of1,10,False,False
1135,1885,2025-05-24,of,2,False,False
1136,1885,2025-05-24,of,3,True,False
1137,1885,2025-05-24,of,5,True,False
1138,1885,2025-05-24,obj,2,False,False
1139,1885,2025-05-24,obj,3,True,False
1140,1885,2025-05-24,obj,5,True,False
1141,1885,2025-05-24,of1,2,False,False
1142,1885,2025-05-24,of1,3,True,False
1143,1885,2025-05-24,of1,5,True,False
1144,1885,2025-05-24,obj1,2,False,False
1145,1885,2025-05-24,obj1,3,True,False
1146,1885,2025-05-24,obj1,5,True,False
1147,1885,2025-05-24,of2,2,False,False
1148,1885,2025-05-24,of2,3,True,False
1149,1885,2025-05-24,of2,5,True,False
1150,1885,2025-05-27,of,2,True,False
1151,1885,2025-05-27,obj,2,False,False
1152,1885,2025-05-27,of1,2,True,False
1153,1885,2025-05-06,of,1,False,False
1154,1885,2025-05-06,of,2,True,False
1155,1885,2025-05-06,of,4,False,True
1156,1885,2025-05-06,of,8,False,True
1157,1885,2025-05-06,of,14,False,False
1158,1885,2025-05-06,obj,1,False,False
1159,1885,2025-05-06,obj,2,False,False
1160,1885,2025-05-06,obj,4,False,True
1161,1885,2025-05-06,obj,8,False,False
1162,1885,2025-05-06,obj,14,True,False
1163,1885,2025-05-06,of1,1,False,False
1164,1885,2025-05-06,of1,2,True,False
1165,1885,2025-05-06,of1,4,False,False
1166,1885,2025-05-06,of1,8,False,True
1167,1885,2025-05-06,of1,14,False,False
1168,1885,2025-05-06,obj1,1,False,False
1169,1885,2025-05-06,obj1,2,False,False
1170,1885,2025-05-06,obj1,4,False,False
1171,1885,2025-05-06,obj1,8,False,True
1172,1885,2025-05-06,obj1,14,True,False
1173,1885,2025-05-06,of2,1,False,False
1174,1885,2025-05-06,of2,2,True,False
1175,1885,2025-05-06,of2,4,False,True
1176,1885,2025-05-06,of2,8,False,False
1177,1885,2025-05-06,of2,14,False,False
1178,1885,2025-05-09,of,4,False,False
1179,1885,2025-05-09,of,5,False,True
1180,1885,2025-05-09,obj,4,False,False
1181,1885,2025-05-09,obj,5,False,False
1182,1885,2025-05-09,of1,4,False,False
1183,1885,2025-05-09,of1,5,False,False
1184,1885,2025-05-09,obj1,4,False,False
1185,1885,2025-05-09,obj1,5,False,True
1186,1885,2025-05-09,of1,4,False,False
1187,1885,2025-05-09,of1,5,False,False
1188,1885,2025-05-01,of,4,True,False
1189,1885,2025-05-01,obj,4,True,False
1190,1885,2025-05-01,of1,4,True,False
1191,1885,2025-05-01,obj1,4,True,False
1192,1885,2025-05-01,of2,4,True,False
1193,1885,2025-05-20,of,0,False,True
1194,1885,2025-05-20,of,2,False,False
1195,1885,2025-05-20,of,14,False,True
1196,1885,2025-05-20,obj,0,False,False
1197,1885,2025-05-20,obj,2,False,False
1198,1885,2025-05-20,obj,14,False,True
1199,1885,2025-05-20,of1,0,False,True
1200,1885,2025-05-20,of1,2,False,False
1201,1885,2025-05-20,of1,14,False,True
1202,1885,2025-05-20,obj1,0,False,True
1203,1885,2025-05-20,obj1,2,False,False
1204,1885,2025-05-20,obj1,14,False,True
1205,1885,2025-05-20,of2,0,False,False
1206,1885,2025-05-20,of2,2,False,False
1207,1885,2025-05-20,of2,14,False,False
1208,1886,2025-05-27,of,5,False,False
1209,1886,2025-05-27,of,7,False,True
1210,1886,2025-05-27,obj,5,False,True
1211,1886,2025-05-27,obj,7,False,False
1212,1886,2025-05-27,of1,5,False,False
1213,1886,2025-05-27,of1,7,False,False
1214,1886,2025-05-27,obj1,5,False,True
1215,1886,2025-05-27,obj1,7,False,True
1216,1886,2025-05-27,of2,5,False,False
1217,1886,2025-05-27,of2,7,False,False
1218,1886,2025-05-01,of,7,False,False
1219,1886,2025-05-01,obj,7,False,False
1220,1886,2025-05-01,of1,7,False,False
1221,1886,2025-05-01,obj1,7,False,False
1222,1886,2025-05-01,of2,7,False,False
1223,1886,2025-04-25,of,9,False,False
1224,1886,2025-04-25,of,10,False,False
1225,1886,2025-04-25,obj,9,True,False
1226,1886,2025-04-25,obj,10,False,False
1227,1886,2025-04-25,of1,9,True,False
1228,1886,2025-04-25,of1,10,False,False
1229,1886,2025-04-25,obj1,9,True,False
1230,1886,2025-04-25,obj1,10,False,False
1231,1886,2025-04-25,of2,9,True,False
1232,1886,2025-04-25,of2,10,False,False
1233,1886,2025-05-06,of,0,True,False
1234,1886,2025-05-06,of,11,True,False
1235,1886,2025-05-06,obj,0,False,False
1236,1886,2025-05-06,obj,11,True,False
1237,1886,2025-05-06,of1,0,False,False
1238,1886,2025-05-06,of1,11,True,False
1239,1886,2025-05-06,obj1,0,False,False
1240,1886,2025-05-06,obj1,11,True,False
1241,1886,2025-05-06,of2,0,True,False
1242,1886,2025-05-06,of2,11,True,False
1243,1886,2025-06-02,of,8,False,False
1244,1886,2025-06-02,of,11,False,False
1245,1886,2025-06-02,obj,8,False,True
1246,1886,2025-06-02,obj,11,False,True
1247,1886,2025-06-02,of1,8,False,False
1248,1886,2025-06-02,of1,11,False,False
1249,1886,2025-06-02,obj1,8,False,False
1250,1886,2025-06-02,obj1,11,False,True
1251,1886,2025-06-02,of2,8,False,False
1252,1886,2025-06-02,of2,11,False,False
1253,1886,2025-05-26,of,10,False,False
1254,1886,2025-05-26,obj,10,False,False
1255,1886,2025-05-26,of1,10,False,False
1256,1886,2025-05-26,obj1,10,False,False
1257,1886,2025-05-26,of2,10,False,False
1258,1886,2025-05-09,of,8,True,False
1259,1886,2025-05-09,of,11,False,True
1260,1886,2025-05-09,of,13,False,False
1261,1886,2025-05-09,obj,8,False,False
1262,1886,2025-05-09,obj,11,False,False
1263,1886,2025-05-09,obj,13,False,True
1264,1886,2025-05-09,of1,8,False,False
1265,1886,2025-05-09,of1,11,False,False
1266,1886,2025-05-09,of1,13,False,False
1267,1886,2025-05-09,obj1,8,False,False
1268,1886,2025-05-09,obj1,11,False,False
1269,1886,2025-05-09,obj1,13,False,False
1270,1886,2025-05-09,of2,8,False,False
1271,1886,2025-05-09,of2,11,False,False
1272,1886,2025-05-09,of2,13,False,False
1273,1886,2025-05-09,otpo,8,False,False
1274,1886,2025-05-09,otpo,11,False,False
1275,1886,2025-05-09,otpo,13,False,False
1276,1886,2025-05-20,of,7,True,False
1277,1886,2025-05-20,of,11,True,False
1278,1886,2025-05-20,of,13,False,False
1279,1886,2025-05-20,obj,7,False,False
1280,1886,2025-05-20,obj,11,True,False
1281,1886,2025-05-20,obj,13,False,False
1282,1886,2025-05-20,of1,7,True,False
1283,1886,2025-05-20,of1,11,True,False
1284,1886,2025-05-20,of1,13,True,False
1285,1886,2025-05-20,obj1,7,False,False
1286,1886,2025-05-20,obj1,11,True,False
1287,1886,2025-05-20,obj1,13,False,False
1288,1886,2025-05-20,of2,7,True,False
1289,1886,2025-05-20,of2,11,True,False
1290,1886,2025-05-20,of2,13,False,False
